{"class_34_accuracy":0.8888888888888888,"_runtime":6.281265311,"class_27_accuracy":0.5555555555555556,"class_40_accuracy":0.8888888888888888,"class_1_accuracy":0.7777777777777778,"class_11_accuracy":0.5555555555555556,"test_accuracy":0.6755555555555556,"class_36_accuracy":0.5555555555555556,"class_14_accuracy":0.2222222222222222,"class_12_accuracy":0.8888888888888888,"class_6_accuracy":0.6666666666666666,"class_41_accuracy":0.7777777777777778,"class_5_accuracy":0.8888888888888888,"class_13_accuracy":0.3333333333333333,"class_4_accuracy":0.7777777777777778,"class_22_accuracy":0.6666666666666666,"_timestamp":1.7453096749775794e+09,"batch":7,"class_48_accuracy":0.7777777777777778,"class_16_accuracy":0.3333333333333333,"class_47_accuracy":0.6666666666666666,"class_43_accuracy":0.8888888888888888,"class_26_accuracy":0.2222222222222222,"class_23_accuracy":0.7777777777777778,"class_2_accuracy":0.4444444444444444,"class_28_accuracy":0.6666666666666666,"class_15_accuracy":0.7777777777777778,"_wandb":{"runtime":6},"class_8_accuracy":0.6666666666666666,"class_9_accuracy":0.4444444444444444,"total_test_time":2.4415860176086426,"class_10_accuracy":0.7777777777777778,"class_17_accuracy":0.7777777777777778,"batch_accuracy":0.6755555555555556,"class_7_accuracy":0.4444444444444444,"class_24_accuracy":0.6666666666666666,"class_0_accuracy":0.4444444444444444,"class_44_accuracy":1,"class_32_accuracy":0.7777777777777778,"class_3_accuracy":1,"batch_time":0.04275345802307129,"class_39_accuracy":0.6666666666666666,"class_25_accuracy":0.3333333333333333,"class_35_accuracy":0.7777777777777778,"class_29_accuracy":0.3333333333333333,"_step":9,"class_31_accuracy":0.6666666666666666,"class_20_accuracy":0.5555555555555556,"class_33_accuracy":1,"class_30_accuracy":0.7777777777777778,"class_49_accuracy":0.5555555555555556,"class_45_accuracy":1,"class_19_accuracy":1,"class_42_accuracy":0.5555555555555556,"class_18_accuracy":0.8888888888888888,"class_38_accuracy":0.6666666666666666,"class_37_accuracy":0.7777777777777778,"class_46_accuracy":1,"confusion_matrix_table":{"path":"media/table/confusion_matrix_table_9_7bc1815bf201da52972a.table.json","ncols":3,"nrows":10000,"_type":"table-file","sha256":"7bc1815bf201da52972a9e67e9a5e3ac1977948e277b00f2c141e5a563bffdbc","size":188062,"artifact_path":"wandb-client-artifact://u87hqvktiu3e4p3nefcy5kv287rnzhtxqepi2pydw51nkl14n0udbfvcehbrsjwsd1oo1ga32tyx3snip07p22yzmzlzxqs295dkf0atypi9v9hpcd07rxkda890zs2k/confusion_matrix_table.table.json","_latest_artifact_path":"wandb-client-artifact://aibcsizw9a4pcy4c3o2uoqhnxpmg4i3t6giietay81tsj9xc0up7aerd80bxwoyooe65ykx734l1dbxcdruijawlvujjep85dn11sx8x1sp2dgl5c7yehi61qn1vw9s7:latest/confusion_matrix_table.table.json"},"class_21_accuracy":0.2222222222222222}